equipment,sheet_no,language,link
HPLC,030,KR,https://works.do/xVXubE1
HPLC,029,KR,https://works.do/GoZHQnv
HPLC,028,KR,https://works.do/51O4DzB
HPLC,027,KR,https://works.do/x3oVRzR
HPLC,026,KR,https://works.do/5OhjHPq
HPLC,025,KR,https://works.do/xxPnsD7
HPLC,024,KR,https://works.do/FyW3d0S
HPLC,023,KR,https://works.do/5N0XhWO
HPLC,022,KR,https://works.do/GzfYmPL
HPLC,021,KR,https://works.do/5mT28MD
HPLC,020,KR,https://works.do/GBMUBn9
HPLC,019,KR,https://works.do/G1UJgrw
HPLC,018,KR,https://works.do/x185roy
HPLC,017,KR,https://works.do/5ImOAdd
HPLC,016,KR,https://works.do/FV05KzU
HPLC,015,KR,https://works.do/Ig2LbCe
HPLC,014,KR,https://works.do/FZcipAy
HPLC,013,KR,https://works.do/x185rUZ
HPLC,012,KR,https://works.do/GKlBeTH
HPLC,011,KR,https://works.do/5Fug94k
HPLC,010,KR,https://works.do/5Ohj6Sv
HPLC,009,KR,https://works.do/5lyAFiW
HPLC,008,KR,https://works.do/xh2T9d4
HPLC,007,KR,https://works.do/5Fug9iU
HPLC,006,KR,https://works.do/GZ51rTy
HPLC,005,KR,https://works.do/51O4TGt
HPLC,004,KR,https://works.do/xFcAK8q
HPLC,003,KR,https://works.do/FSuijzS
HPLC,002,KR,https://works.do/5aJUl3w
HPLC,001,KR,https://works.do/5KrFzum
HPLC,030,EN,https://works.do/FCi0jvD
HPLC,029,EN,https://works.do/F6AuhBz
HPLC,028,EN,https://works.do/5hxPk9S
HPLC,027,EN,https://works.do/xAmKM5T
HPLC,026,EN,https://works.do/GZ51rtp
HPLC,025,EN,https://works.do/5tVTXUh
HPLC,024,EN,https://works.do/Fs2JM16
HPLC,023,EN,https://works.do/FpsYkDL
HPLC,022,EN,https://works.do/FFk3E0p
HPLC,021,EN,https://works.do/FJlmVTF
HPLC,020,EN,https://works.do/G2dI1q9
HPLC,019,EN,https://works.do/xYDMxl5
HPLC,018,EN,https://works.do/FfK1Sbl
HPLC,017,EN,https://works.do/GegKTZU
HPLC,016,EN,https://works.do/5B9FZaI
HPLC,015,EN,https://works.do/xRjBnTG
HPLC,014,EN,https://works.do/xUl2ylq
HPLC,013,EN,https://works.do/xSp3lp5
HPLC,012,EN,https://works.do/5GOfqOX
HPLC,011,EN,https://works.do/x7MEZMb
HPLC,010,EN,https://works.do/Gw3POge
HPLC,009,EN,https://works.do/Fv1juhl
HPLC,008,EN,https://works.do/xoxM4NI
HPLC,007,EN,https://works.do/5xsPtkb
HPLC,006,EN,https://works.do/FJlmV2c
HPLC,005,EN,https://works.do/xLqteZA
HPLC,004,EN,https://works.do/5hxPk0O
HPLC,003,EN,https://works.do/GUzJ7kG
HPLC,002,EN,https://works.do/xPxeKwN
HPLC,001,EN,https://works.do/xrFf0xO
UPLC,004,KR,https://works.do/5gzOKqP
UPLC,009,KR,https://works.do/5hxwCSr
UPLC,012,KR,https://works.do/GERDfLF
